Word	Translation
ο δρόμος	road, street
η οδός	road, street
η κίνηση	traffic; traffic, movement
η συγκοινωνία	public transport
το μετρό	metro, subway, underground, tube
το λεωφορείο	bus
το ταξί	taxi, cab
το εισιτήριο	ticket
το πρόστιμο	fine
το δρομολόγιο	bus/train schedule
η έξοδος	a night out; exit, going out, a night out
η πλατεία	square
το φανάρι	traffic light
ο επιβάτης	passenger
ο πεζός	pedestrian
ο τροχονόμος	traffic controller
ο αστυνομικός	policeman/woman; policeman/police woman
το μέσο	medium, means of transport
η διαδρομή	way, path, route, itinerary
η στάση	poise, stance, posture, pose, attidute
το κέντρο	centre; center
