Word	Translation
ο δρόμος	road, street
η οδός	road, street
η κίνηση	traffic; traffic, movement
η συγκοινωνία	public transport
το μετρό	metro, subway, underground, tube
το λεωφορείο	bus
το ταξί	taxi, cab
το εισιτήριο	ticket
το πρόστιμο	fine
το δρομολόγιο	bus/train schedule
η έξοδος	exit
η πλατεία	square
το φανάρι	traffic light
το μέσο	medium, means of transport
η διαδρομή	way, path, route, itinerary
η στάση	stop
το κέντρο	centre; center
η κατεύθυνση	direction
ο ελεγκτής	inspector, ticket controller
ο οδηγός	driver
ο σταθμός	station
το περίπτερο	kiosk
το κτίριο	building
η πιάτσα	taxi rank
η επιλογή	option, choice
η πτήση	flight
η κάρτα	card, pass
ο αστυνομικός	policeman, police officer
ο επιβάτης	passenger
ο πεζός	pedestrian
ο τροχονόμος	traffic officer, traffic controller
