Word	Translation	Type
το κατάστημα	store / shop	noun
το πολυκατάστημα	department store	noun
ο πωλητής	salesman	noun
η πελάτισσα	customer (f)	noun
η απόδειξη	receipt	noun
η τιμή	price	noun
η έκπτωση	discount	noun
το νούμερο	size	noun
το παπούτσι	shoe	noun
το ρούχο	clothing	noun
η φούστα	skirt	noun
το σακάκι	jacket	noun
το παντελόνι	trousers	noun
η μπλούζα	blouse	noun
το χρώμα	color	noun
η γραβάτα	necktie	noun
η βιτρίνα	shop window	noun
το ταμείο	register / checkout	noun
το παράπονο	complaint	noun
τα ψώνια	shopping	noun
η αλλαγή	exchange / change	noun
η οδηγία	instruction / guideline	noun
η δόση	installment	noun
η επιλογή	choice / option	noun
η ποιότητα	quality	noun
αγοράζω	to buy	verb
δοκιμάζω	to try on	verb
πληρώνω	to pay	verb
αλλάζω	to change / exchange	verb
κοστίζω	to cost	verb
φοράω	to wear	verb
ξοδεύω	to spend	verb
συνδυάζω	to match / combine	verb
προλαβαίνω	to make it in time	verb
ακριβός	expensive	adjective
φτηνός	cheap	adjective
πανάκριβος	extremely expensive	adjective
ελαττωματικός	defective	adjective
φαρδύς	wide	adjective
στενός	tight / narrow	adjective
μακρύς	long	adjective
κοντός	short	adjective
βαθύς	deep	adjective
παχύς	fat / thick	adjective
ελαφρύς	light (weight)	adjective
βαρύς	heavy	adjective
πλατύς	broad / wide	adjective
καφετής	brown	adjective
πορτοκαλής	orange	adjective
βυσσινής	maroon / cherry	adjective
θαλασσής	aqua / sea blue	adjective
χρυσαφής	golden	adjective
κανελής	cinnamon-colored	adjective
σοκολατής	chocolate-brown	adjective
σταχτής	ash-grey	adjective
ψηλός	tall	adjective
χοντρός	fat / thick	adjective
λεπτός	thin / slim	adjective
αδύνατος	thin / weak	adjective
μονόχρωμος	solid-colored	adjective
ικανοποιημένος	satisfied	adjective
βιαστικός	in a hurry	adjective
εξυπηρετικός	helpful	adjective
